{"cameraMode":{"drawMode":0,"name":"Shaded","section":"Shading Mode"},"sceneLighting":true,"audioPlay":false,"sceneViewState":{"m_AlwaysRefresh":false,"showFog":true,"showSkybox":true,"showFlares":true,"showImageEffects":true,"showParticleSystems":true,"showVisualEffectGraphs":true,"m_FxEnabled":true},"in2DMode":false,"pivot":{"x":1.815000057220459,"y":1.7890000343322755,"z":5.450000286102295},"rotation":{"x":0.12606842815876008,"y":0.7091602087020874,"z":-0.13126447796821595,"w":0.6812206506729126},"size":0.5099019408226013,"orthographic":false}